date,is_holiday,is_weekend,day_of_week,month,week_of_year,temperature,promotion,local_event,avg_room_price,bookings,occupancy_rate_prev_day,cancellation_rate,effective_bookings,sentiment_numeric
2023-05-07,False,True,6,5,18,29.4,False,False,162003,45,0.0,0.1003024776284162,40,-0.6
2023-05-08,False,False,0,5,19,29.7,False,False,162508,31,0.75,0.11180633720484622,27,0.0
2023-05-09,False,False,1,5,19,30.0,False,False,150000,29,0.5166666666666667,0.10203471989067245,26,1.0
2023-05-10,False,False,2,5,19,28.1,False,False,150000,24,0.48333333333333334,0.102675322307222,21,0.0909090909090909
2023-05-11,False,False,3,5,19,28.3,False,False,151499,33,0.4,0.10304908828838587,29,0.5
2023-05-12,False,False,4,5,19,28.7,False,False,150000,28,0.55,0.11880813766258233,24,0.5
2023-05-13,False,True,5,5,19,29.2,False,False,157028,34,0.4666666666666667,0.09946543099603226,30,0.0769230769230769
2023-05-14,False,True,6,5,19,28.8,True,False,172427,44,0.5666666666666667,0.13844588221724682,37,0.6
2023-05-15,False,False,0,5,20,28.0,False,False,150000,33,0.7333333333333333,0.09429341451009994,29,-0.6
2023-05-16,False,False,1,5,20,27.8,False,False,163022,25,0.55,0.10260471122365757,22,0.25
2023-05-17,False,False,2,5,20,28.4,False,False,150000,28,0.4166666666666667,0.10803684644096756,24,0.4
2023-05-18,False,False,3,5,20,29.2,False,False,150662,29,0.4666666666666667,0.1054203016793433,25,0.25
2023-05-19,False,False,4,5,20,29.2,False,False,150000,32,0.48333333333333334,0.10747650362246557,28,0.2307692307692307
2023-05-20,False,True,5,5,20,27.8,True,False,150000,33,0.5333333333333333,0.18238882981529236,26,0.5
2023-05-21,False,True,6,5,20,25.8,True,True,171624,49,0.55,0.11658091986261293,43,-0.3333333333333333
2023-05-22,True,False,0,5,21,26.1,False,False,191765,37,0.8166666666666667,0.0654272861736249,34,-0.25
2023-05-23,False,False,1,5,21,26.5,True,False,150000,32,0.6166666666666667,0.14727813774156423,27,0.4285714285714285
2023-05-24,False,False,2,5,21,26.6,False,False,150000,22,0.5333333333333333,0.08445022218493595,20,0.7777777777777778
2023-05-25,False,False,3,5,21,26.6,False,False,154314,29,0.36666666666666664,0.0986535568693071,26,-0.7142857142857143
2023-05-26,False,False,4,5,21,26.8,False,True,171265,30,0.48333333333333334,0.04861103489488978,28,0.3333333333333333
2023-05-27,False,True,5,5,21,26.8,False,False,151434,28,0.5,0.11014855803579111,24,0.1111111111111111
2023-05-28,False,True,6,5,21,27.7,False,False,164273,38,0.4666666666666667,0.0787737027630801,35,0.25
2023-05-29,False,False,0,5,22,26.8,False,False,150000,29,0.6333333333333333,0.09727214658054692,26,-0.1428571428571428
2023-05-30,False,False,1,5,22,26.2,False,False,150000,27,0.48333333333333334,0.08474140199889131,24,-0.25
2023-05-31,False,False,2,5,22,26.8,False,False,156680,24,0.45,0.08935887352845072,21,0.4285714285714285
2023-06-01,False,False,3,6,22,26.9,False,False,150000,39,0.4,0.09062923069067287,35,-0.6666666666666666
2023-06-02,False,False,4,6,22,27.0,False,False,158520,41,0.65,0.07841986664113526,37,0.0
2023-06-03,False,True,5,6,22,28.3,False,False,160953,40,0.6833333333333333,0.10529836023685438,35,0.1428571428571428
2023-06-04,False,True,6,6,22,27.9,True,False,173375,51,0.6666666666666666,0.14561926170060804,43,-0.2
2023-06-05,False,False,0,6,23,27.4,False,False,150000,54,0.85,0.10092675118345151,48,0.25
2023-06-06,False,False,1,6,23,27.0,True,False,150000,45,0.9,0.14905507411570357,38,0.4
2023-06-07,False,False,2,6,23,27.5,True,False,150000,47,0.75,0.14095130376465617,40,-0.1428571428571428
2023-06-08,False,False,3,6,23,26.4,False,False,164782,45,0.7833333333333333,0.09930502683110198,40,0.7777777777777778
2023-06-09,False,False,4,6,23,26.9,False,False,150000,39,0.75,0.09229369519298536,35,-0.3333333333333333
2023-06-10,False,True,5,6,23,26.7,True,False,173772,57,0.65,0.15326815693234183,48,0.0
2023-06-11,False,True,6,6,23,27.9,False,False,154654,48,0.95,0.10091866414399121,43,0.0909090909090909
2023-06-12,True,False,0,6,24,28.3,True,False,187031,52,0.8,0.14768004044646788,44,1.0
2023-06-13,False,False,1,6,24,28.8,False,False,150000,44,0.8666666666666667,0.09360855756199589,39,0.5
2023-06-14,False,False,2,6,24,27.7,False,False,166678,39,0.7333333333333333,0.10018240326162214,35,-0.5
2023-06-15,False,False,3,6,24,27.9,False,False,160666,32,0.65,0.10465455784726586,28,0.25
2023-06-16,False,False,4,6,24,28.1,False,False,150000,39,0.5333333333333333,0.1000436306876388,35,0.2
2023-06-17,False,True,5,6,24,26.4,True,False,164018,38,0.65,0.1598924509263573,31,-0.6666666666666666
2023-06-18,False,True,6,6,24,28.3,False,False,195298,48,0.6333333333333333,0.10187368864402385,43,1.0
2023-06-19,True,False,0,6,25,29.5,False,False,178807,48,0.8,0.06851435433025527,44,0.3333333333333333
2023-06-20,False,False,1,6,25,29.7,False,False,169740,44,0.8,0.11832713889361159,38,0.5555555555555556
2023-06-21,False,False,2,6,25,28.8,False,False,150000,41,0.7333333333333333,0.09936162324117562,36,0.0
2023-06-22,False,False,3,6,25,27.5,False,False,150000,45,0.6833333333333333,0.10254895281113599,40,0.6
2023-06-23,False,False,4,6,25,27.0,False,False,152064,47,0.75,0.11223548135979548,41,0.1428571428571428
2023-06-24,False,True,5,6,25,27.0,False,False,181763,44,0.7833333333333333,0.10125752222408077,39,0.0909090909090909
2023-06-25,False,True,6,6,25,26.3,False,False,160784,46,0.7333333333333333,0.10850601567588752,41,0.4285714285714285
2023-06-26,False,False,0,6,26,25.9,False,False,150000,41,0.7666666666666667,0.08893431163078445,37,0.0
2023-06-27,False,False,1,6,26,27.2,False,False,150000,35,0.6833333333333333,0.0901487765915632,31,-0.2
2023-06-28,False,False,2,6,26,27.9,False,False,150000,32,0.5833333333333334,0.09687103125516733,28,0.3333333333333333
2023-06-29,False,False,3,6,26,28.9,False,False,150000,36,0.5333333333333333,0.11526361764658595,31,0.6666666666666666
2023-06-30,False,False,4,6,26,29.1,False,False,166647,42,0.6,0.08518496935608488,38,0.0769230769230769
2023-07-01,False,True,5,7,26,28.3,False,True,201079,56,0.7,0.06454079043319687,52,-0.2
2023-07-02,False,True,6,7,26,26.7,True,False,173068,44,0.9333333333333333,0.1503261371419226,37,-0.2
2023-07-03,True,False,0,7,27,26.3,False,False,186793,47,0.7333333333333333,0.06736867170307234,43,0.0
2023-07-04,False,False,1,7,27,27.0,True,False,154853,56,0.7833333333333333,0.14692209954908667,47,0.0
2023-07-05,False,False,2,7,27,28.0,False,False,150000,48,0.9333333333333333,0.1102672307290571,42,-0.2
2023-07-06,False,False,3,7,27,27.1,False,False,156779,38,0.8,0.09237761011648948,34,-0.3333333333333333
2023-07-07,False,False,4,7,27,26.2,False,False,153151,39,0.6333333333333333,0.09612537410307649,35,-0.1428571428571428
2023-07-08,False,True,5,7,27,26.5,False,False,159510,36,0.65,0.09997385430930068,32,0.25
2023-07-09,False,True,6,7,27,27.8,True,False,152522,48,0.6,0.15439036637267478,40,0.2727272727272727
2023-07-10,False,False,0,7,28,29.0,False,False,150000,37,0.8,0.09284248180142664,33,0.3333333333333333
2023-07-11,False,False,1,7,28,27.9,False,False,150000,43,0.6166666666666667,0.1232382791634613,37,0.0
2023-07-12,False,False,2,7,28,27.9,False,False,150000,44,0.7166666666666667,0.11534034596860042,38,0.1428571428571428
2023-07-13,False,False,3,7,28,28.8,True,False,158833,45,0.7333333333333333,0.14535547215266964,38,0.0
2023-07-14,False,False,4,7,28,28.0,False,False,150000,46,0.75,0.09921261050530622,41,-0.2
2023-07-15,False,True,5,7,28,28.2,False,False,172559,49,0.7666666666666667,0.10561064551466874,43,-0.5
2023-07-16,False,True,6,7,28,27.9,True,False,164870,53,0.8166666666666667,0.128099854258961,46,0.25
2023-07-17,False,False,0,7,29,28.3,False,False,152451,47,0.8833333333333333,0.11329197319140058,41,0.6
2023-07-18,False,False,1,7,29,27.9,False,False,155579,36,0.7833333333333333,0.08004127908686295,33,0.1428571428571428
2023-07-19,False,False,2,7,29,29.1,False,True,179572,54,0.6,0.06651782043947059,50,0.0
2023-07-20,True,False,3,7,29,30.3,True,False,157837,54,0.9,0.13745918680181998,46,0.0
2023-07-21,False,False,4,7,29,30.2,False,False,157943,46,0.9,0.09383782754454112,41,0.3333333333333333
2023-07-22,False,True,5,7,29,28.9,True,False,163390,56,0.7666666666666667,0.1540269778230328,47,-0.3333333333333333
2023-07-23,False,True,6,7,29,29.2,False,False,173669,60,0.9333333333333333,0.10374730156770282,53,0.0
2023-07-24,False,False,0,7,30,29.4,False,False,150000,46,1.0,0.11856788918926119,40,0.0909090909090909
2023-07-25,False,False,1,7,30,28.9,False,False,150000,50,0.7666666666666667,0.09031476579286811,45,0.4
2023-07-26,False,False,2,7,30,27.7,True,False,150000,43,0.8333333333333334,0.1448494368581614,36,-0.0909090909090909
2023-07-27,False,False,3,7,30,27.6,False,False,150000,47,0.7166666666666667,0.10212295266834769,42,0.5
2023-07-28,False,False,4,7,30,28.5,False,False,152703,42,0.7833333333333333,0.11771725849345914,37,-0.1111111111111111
2023-07-29,False,True,5,7,30,29.9,True,False,170983,59,0.7,0.16334225898159963,49,0.4285714285714285
2023-07-30,False,True,6,7,30,29.0,False,False,168285,47,0.9833333333333333,0.10455830339052823,42,0.1111111111111111
2023-07-31,False,False,0,7,31,28.4,False,False,164897,46,0.7833333333333333,0.1067481032501879,41,-0.3333333333333333
2023-08-01,False,False,1,8,31,27.9,False,False,150000,37,0.7666666666666667,0.09383633555029534,33,-0.3333333333333333
2023-08-02,False,False,2,8,31,28.2,False,False,160971,34,0.6166666666666667,0.10669234742988298,30,1.0
2023-08-03,False,False,3,8,31,28.3,True,False,150418,42,0.5666666666666667,0.14547795272671615,35,0.1428571428571428
2023-08-04,False,False,4,8,31,28.9,False,False,151780,40,0.7,0.09962503805510607,36,0.3333333333333333
2023-08-05,False,True,5,8,31,28.8,True,False,161031,45,0.6666666666666666,0.14682306550673324,38,0.5
2023-08-06,False,True,6,8,31,29.2,True,False,166165,46,0.75,0.14834027276187428,39,0.0
2023-08-07,True,False,0,8,32,27.6,False,False,176553,48,0.7666666666666667,0.08562783221164061,43,0.2727272727272727
2023-08-08,False,False,1,8,32,27.7,False,False,153850,33,0.8,0.09046056753936789,30,0.2
2023-08-09,False,False,2,8,32,27.8,True,False,154151,36,0.55,0.1466247188530002,30,0.3333333333333333
2023-08-10,False,False,3,8,32,27.4,False,False,150000,35,0.6,0.10194274017224599,31,0.2
2023-08-11,False,False,4,8,32,28.3,False,False,152987,31,0.5833333333333334,0.10493322946167022,27,0.25
2023-08-12,False,True,5,8,32,28.1,False,False,171205,45,0.5166666666666667,0.10126736407749076,40,-0.1111111111111111
2023-08-13,False,True,6,8,32,27.9,False,False,179185,37,0.75,0.0934668285315643,33,0.3333333333333333
2023-08-14,False,False,0,8,33,26.9,False,True,176216,40,0.6166666666666667,0.08060158565173015,36,1.0
2023-08-15,False,False,1,8,33,26.7,False,False,153705,37,0.6666666666666666,0.07645315832130647,34,1.0
2023-08-16,False,False,2,8,33,27.2,False,False,150000,32,0.6166666666666667,0.1145058138181685,28,0.4285714285714285
2023-08-17,False,False,3,8,33,27.6,False,False,150950,34,0.5333333333333333,0.09980181303789935,30,0.0
2023-08-18,False,False,4,8,33,27.2,False,False,167937,32,0.5666666666666667,0.09964026808262454,28,-0.4285714285714285
2023-08-19,False,True,5,8,33,27.6,True,False,164497,50,0.5333333333333333,0.14538829427804065,42,0.0
2023-08-20,False,True,6,8,33,27.0,True,False,170745,40,0.8333333333333334,0.15987901665113677,33,1.0
2023-08-21,True,False,0,8,34,26.4,False,False,172909,35,0.6666666666666666,0.08680153666366855,31,-0.5
2023-08-22,False,False,1,8,34,26.5,False,False,153084,32,0.5833333333333334,0.09433352686756642,28,-0.6
2023-08-23,False,False,2,8,34,27.2,False,False,162355,35,0.5333333333333333,0.11796124856696612,30,0.0
2023-08-24,False,False,3,8,34,27.4,False,True,170689,29,0.5833333333333334,0.0780227389863369,26,-0.3333333333333333
2023-08-25,False,False,4,8,34,28.3,True,False,150000,36,0.48333333333333334,0.15702746813320317,30,-0.3333333333333333
2023-08-26,False,True,5,8,34,27.8,True,False,163848,43,0.6,0.16104963659038365,36,-0.4285714285714285
2023-08-27,False,True,6,8,34,28.0,False,False,171501,34,0.7166666666666667,0.08968317161764724,30,1.0
2023-08-28,False,False,0,8,35,28.3,False,False,152325,41,0.5666666666666667,0.07588896033218254,37,0.25
2023-08-29,False,False,1,8,35,28.8,False,False,150000,44,0.6833333333333333,0.09104961007120008,39,-0.2727272727272727
2023-08-30,False,False,2,8,35,29.6,False,False,150000,43,0.7333333333333333,0.09820896151962251,38,0.3333333333333333
2023-08-31,False,False,3,8,35,29.9,False,False,150827,34,0.7166666666666667,0.10345479742287265,30,0.5
2023-09-01,False,False,4,9,35,29.1,False,False,150000,37,0.5666666666666667,0.10289039718963851,33,0.5
2023-09-02,False,True,5,9,35,27.9,False,False,173888,41,0.6166666666666667,0.09554563602113116,37,-0.3333333333333333
2023-09-03,False,True,6,9,35,26.9,True,False,166964,27,0.6833333333333333,0.14569561809835618,23,-0.3333333333333333
2023-09-04,False,False,0,9,36,27.0,False,False,150000,15,0.45,0.1135492920108925,13,0.0
2023-09-05,False,False,1,9,36,28.3,False,False,150000,21,0.25,0.11454676529601684,18,0.7142857142857143
2023-09-06,False,False,2,9,36,29.4,False,False,150000,21,0.35,0.11049696637653435,18,0.6
2023-09-07,False,False,3,9,36,28.2,False,False,150000,25,0.35,0.0990912929059364,22,0.3333333333333333
2023-09-08,False,False,4,9,36,27.2,False,False,156435,22,0.4166666666666667,0.10337343309280839,19,0.0
2023-09-09,False,True,5,9,36,27.5,True,False,170563,37,0.36666666666666664,0.15754463276987854,31,0.25
2023-09-10,False,True,6,9,36,26.3,False,False,156139,24,0.6166666666666667,0.0987619670617777,21,-0.5
2023-09-11,False,False,0,9,37,27.4,False,False,150000,29,0.4,0.10144813139171142,26,0.3333333333333333
2023-09-12,False,False,1,9,37,27.7,False,False,166737,33,0.48333333333333334,0.09162335563062866,29,0.2727272727272727
2023-09-13,False,False,2,9,37,27.5,False,False,166073,27,0.55,0.09103230692998154,24,0.2
2023-09-14,False,False,3,9,37,28.9,True,False,150000,39,0.45,0.15096049314562265,33,0.5
2023-09-15,False,False,4,9,37,28.0,False,False,150000,24,0.65,0.11658591632803514,21,1.0
2023-09-16,False,True,5,9,37,27.3,False,False,150000,32,0.4,0.10038142600455828,28,-0.5
2023-09-17,False,True,6,9,37,27.5,True,False,176565,37,0.5333333333333333,0.15785593929574923,31,1.0
2023-09-18,False,False,0,9,38,27.6,False,False,174193,33,0.6166666666666667,0.09039115054895303,30,-0.3333333333333333
2023-09-19,False,False,1,9,38,27.1,False,False,150000,35,0.55,0.09524540616933362,31,0.5
2023-09-20,False,False,2,9,38,28.2,False,False,153027,25,0.5833333333333334,0.09390339395420078,22,0.6
2023-09-21,False,False,3,9,38,28.3,False,False,150000,22,0.4166666666666667,0.09685160961308129,19,-0.75
2023-09-22,False,False,4,9,38,29.2,False,False,150000,27,0.36666666666666664,0.10846429986798821,24,0.2
2023-09-23,False,True,5,9,38,28.2,False,False,160012,33,0.45,0.11042254647923241,29,0.1428571428571428
2023-09-24,False,True,6,9,38,27.1,True,False,168219,36,0.55,0.15132764188562964,30,0.2
2023-09-25,False,False,0,9,39,27.7,False,False,151208,26,0.6,0.10552433605910662,23,0.3333333333333333
2023-09-26,False,False,1,9,39,28.0,False,False,159349,30,0.43333333333333335,0.08890551467789955,27,0.3333333333333333
2023-09-27,False,False,2,9,39,28.1,False,False,150000,37,0.5,0.1098107898693618,32,0.3333333333333333
2023-09-28,False,False,3,9,39,27.8,False,False,150000,33,0.6166666666666667,0.09272281283323325,29,0.5
2023-09-29,False,False,4,9,39,27.6,False,False,150000,21,0.55,0.09569411882481572,18,0.3333333333333333
2023-09-30,False,True,5,9,39,28.8,False,False,164081,34,0.35,0.09861789114585047,30,-0.6
2023-10-01,False,True,6,10,39,28.1,False,False,161036,28,0.5666666666666667,0.1029981922465126,25,0.2
2023-10-02,False,False,0,10,40,27.3,False,False,159586,30,0.4666666666666667,0.1029518672669919,26,0.2
2023-10-03,False,False,1,10,40,26.9,False,False,150000,24,0.5,0.09515430032499335,21,0.6666666666666666
2023-10-04,False,False,2,10,40,26.2,True,False,150000,28,0.4,0.14320393895391625,23,-0.1111111111111111
2023-10-05,False,False,3,10,40,26.6,False,False,150000,21,0.4666666666666667,0.09962025375800047,18,0.5
2023-10-06,False,False,4,10,40,27.4,False,False,150000,29,0.35,0.08490225834448979,26,-0.25
2023-10-07,False,True,5,10,40,28.2,True,False,179531,37,0.48333333333333334,0.15371630592371466,31,-0.2727272727272727
2023-10-08,False,True,6,10,40,27.0,True,False,168155,39,0.6166666666666667,0.14651869471475196,33,0.6
2023-10-09,False,False,0,10,41,27.5,True,False,150000,33,0.65,0.1546290190954009,27,0.1111111111111111
2023-10-10,False,False,1,10,41,28.2,False,False,155096,29,0.55,0.08803781462826195,26,0.5
2023-10-11,False,False,2,10,41,27.3,False,False,155393,23,0.48333333333333334,0.0899344819183804,20,0.0
2023-10-12,False,False,3,10,41,27.7,False,False,150000,28,0.38333333333333336,0.11032571093017694,24,0.3333333333333333
2023-10-13,False,False,4,10,41,28.5,False,False,150000,20,0.4666666666666667,0.11304386709855657,17,0.1111111111111111
2023-10-14,False,True,5,10,41,26.3,False,False,172812,29,0.3333333333333333,0.09693240099796187,26,0.3846153846153846
2023-10-15,False,True,6,10,41,27.1,False,False,165289,26,0.48333333333333334,0.117011599514162,22,0.4
2023-10-16,True,False,0,10,42,26.6,True,False,193350,42,0.43333333333333335,0.13027753107126672,36,0.0
2023-10-17,False,False,1,10,42,27.4,False,False,150000,33,0.7,0.11023360068265314,29,0.5
2023-10-18,False,False,2,10,42,28.1,False,False,150000,29,0.55,0.08376123564705773,26,-0.4285714285714285
2023-10-19,False,False,3,10,42,27.9,False,False,155012,33,0.48333333333333334,0.1167889486123238,29,-0.3333333333333333
2023-10-20,False,False,4,10,42,27.1,False,False,157488,24,0.55,0.08436935521732597,21,0.0
2023-10-21,False,True,5,10,42,26.7,True,False,172035,37,0.4,0.1667174744565157,30,0.0
2023-10-22,False,True,6,10,42,27.1,False,False,150000,28,0.6166666666666667,0.0977527979560714,25,-0.7142857142857143
2023-10-23,False,False,0,10,43,28.4,False,False,150454,32,0.4666666666666667,0.1033301170785168,28,0.0
2023-10-24,False,False,1,10,43,27.1,False,False,163629,29,0.5333333333333333,0.0957541079263244,26,0.6363636363636364
2023-10-25,False,False,2,10,43,26.0,False,False,163584,35,0.48333333333333334,0.10280992875525069,31,0.4545454545454545
2023-10-26,False,False,3,10,43,25.8,False,False,175678,29,0.5833333333333334,0.08371076016540674,26,0.5
2023-10-27,False,False,4,10,43,25.2,False,False,155744,30,0.48333333333333334,0.1088673507659621,26,0.0
2023-10-28,False,True,5,10,43,24.7,False,False,165439,26,0.5,0.09882815091073638,23,0.1428571428571428
2023-10-29,False,True,6,10,43,26.2,False,False,150000,27,0.43333333333333335,0.08798985109965017,24,-0.25
2023-10-30,False,False,0,10,44,26.6,True,False,155489,32,0.45,0.15582370667808837,27,0.0
2023-10-31,False,False,1,10,44,26.5,False,False,155283,28,0.5333333333333333,0.10530731122594522,25,1.0
2023-11-01,False,False,2,11,44,26.1,False,False,150000,36,0.4666666666666667,0.09432976660095546,32,0.5555555555555556
2023-11-02,False,False,3,11,44,25.9,False,False,152469,30,0.6,0.10356977649819897,26,0.0909090909090909
2023-11-03,False,False,4,11,44,25.7,False,False,158337,26,0.5,0.09771295934689753,23,0.3333333333333333
2023-11-04,False,True,5,11,44,26.9,True,False,157742,37,0.43333333333333335,0.1536630816497881,31,0.0
2023-11-05,False,True,6,11,44,27.7,True,False,165737,43,0.6166666666666667,0.14854058766189668,36,-0.3333333333333333
2023-11-06,True,False,0,11,45,26.6,False,False,187630,32,0.7166666666666667,0.07225396536388803,29,0.3333333333333333
2023-11-07,False,False,1,11,45,26.6,False,False,164154,29,0.5333333333333333,0.09580975340236908,26,0.0
2023-11-08,False,False,2,11,45,28.0,False,False,158471,33,0.48333333333333334,0.09042913618608829,30,-1.0
2023-11-09,False,False,3,11,45,28.5,False,True,183776,46,0.55,0.08049518262863833,42,-1.0
2023-11-10,False,False,4,11,45,28.1,False,False,167966,36,0.7666666666666667,0.09931270143962277,32,-0.5
2023-11-11,False,True,5,11,45,28.0,True,False,164692,43,0.6,0.1425309836442467,36,0.3333333333333333
2023-11-12,False,True,6,11,45,27.7,True,False,172015,43,0.7166666666666667,0.1755485767179089,35,0.0909090909090909
2023-11-13,True,False,0,11,46,27.4,False,True,198959,39,0.7166666666666667,0.0559151175424275,36,1.0
2023-11-14,False,False,1,11,46,27.9,False,False,150000,42,0.65,0.08525310169322467,38,0.2727272727272727
2023-11-15,False,False,2,11,46,26.4,False,False,156236,33,0.7,0.09241662567202154,29,0.4285714285714285
2023-11-16,False,False,3,11,46,26.7,False,False,150000,34,0.55,0.12635668664001895,29,0.3333333333333333
2023-11-17,False,False,4,11,46,27.1,False,False,150880,33,0.5666666666666667,0.07754749031558392,30,-0.3333333333333333
2023-11-18,False,True,5,11,46,26.7,False,False,165278,37,0.55,0.10312148406461587,33,-0.0909090909090909
2023-11-19,False,True,6,11,46,25.3,False,False,153391,34,0.6166666666666667,0.09610668292202582,30,0.4545454545454545
2023-11-20,False,False,0,11,47,26.3,True,False,150000,32,0.5666666666666667,0.15395660224061647,27,0.0
2023-11-21,False,False,1,11,47,26.3,False,False,150000,24,0.5333333333333333,0.10922094999262469,21,0.4
2023-11-22,False,False,2,11,47,26.6,False,True,161681,40,0.4,0.06911809135292955,37,0.0
2023-11-23,False,False,3,11,47,27.1,False,False,154583,23,0.6666666666666666,0.10019364642754536,20,0.3333333333333333
2023-11-24,False,False,4,11,47,28.2,False,False,166717,28,0.38333333333333336,0.09222492393961436,25,1.0
2023-11-25,False,True,5,11,47,26.3,True,False,163264,44,0.4666666666666667,0.15178485682497433,37,0.0
2023-11-26,False,True,6,11,47,27.8,True,False,150000,35,0.7333333333333333,0.15004013007378617,29,0.0
2023-11-27,False,False,0,11,48,27.9,False,False,150000,31,0.5833333333333334,0.10531409702309512,27,0.2
2023-11-28,False,False,1,11,48,28.5,False,False,150000,37,0.5166666666666667,0.10463624930439566,33,-0.5
2023-11-29,False,False,2,11,48,27.5,False,False,150000,17,0.6166666666666667,0.0992444644650273,15,0.2
2023-11-30,False,False,3,11,48,27.6,False,False,150546,26,0.2833333333333333,0.08400369121341929,23,1.0
2023-12-01,False,False,4,12,48,27.0,True,False,155723,51,0.43333333333333335,0.17157476706007585,42,0.3333333333333333
2023-12-02,False,True,5,12,48,27.1,False,True,183816,56,0.85,0.07510284953149161,51,0.5
2023-12-03,False,True,6,12,48,26.9,False,False,164680,60,0.9333333333333333,0.09930095507409249,54,0.4285714285714285
2023-12-04,False,False,0,12,49,27.2,False,False,150059,59,1.0,0.08642627575158224,53,0.2
2023-12-05,False,False,1,12,49,27.9,False,False,150000,46,0.9833333333333333,0.07941522569495241,42,-0.25
2023-12-06,False,False,2,12,49,28.0,False,False,150000,56,0.7666666666666667,0.10740612435813122,49,0.0
2023-12-07,False,False,3,12,49,27.5,False,False,150000,50,0.9333333333333333,0.10117067455842549,44,0.3333333333333333
2023-12-08,True,False,4,12,49,27.6,True,False,178731,60,0.8333333333333334,0.12557322200560747,52,-0.25
2023-12-09,False,True,5,12,49,28.2,False,False,176307,60,1.0,0.09109043050340135,54,-0.6666666666666666
2023-12-10,False,True,6,12,49,28.7,False,False,168950,56,1.0,0.09480470069165392,50,1.0
2023-12-11,False,False,0,12,50,28.5,False,False,150000,52,0.9333333333333333,0.10069471665892743,46,0.2727272727272727
2023-12-12,False,False,1,12,50,28.3,False,False,150000,54,0.8666666666666667,0.08430341143837147,49,-0.6
2023-12-13,False,False,2,12,50,28.1,False,False,150000,42,0.9,0.08106844085131201,38,-0.2
2023-12-14,False,False,3,12,50,28.0,False,False,151769,44,0.7,0.10123687126421976,39,0.7142857142857143
2023-12-15,False,False,4,12,50,27.9,False,False,151335,51,0.7333333333333333,0.1020455230153675,45,1.0
2023-12-16,False,True,5,12,50,27.5,False,False,154420,60,0.85,0.08526371055154743,54,-0.2307692307692307
2023-12-17,False,True,6,12,50,27.7,False,False,167868,56,1.0,0.11386016418331892,49,0.0
2023-12-18,False,False,0,12,51,27.5,False,False,153417,47,0.9333333333333333,0.10650490293465326,41,0.0
2023-12-19,False,False,1,12,51,27.6,False,True,179544,60,0.7833333333333333,0.05943808258633572,56,0.0
2023-12-20,False,False,2,12,51,27.6,False,False,161550,45,1.0,0.09873439983394912,40,0.2
2023-12-21,False,False,3,12,51,27.6,False,False,158380,59,0.75,0.11082534208596709,52,0.5
2023-12-22,False,False,4,12,51,27.9,False,False,150000,50,0.9833333333333333,0.09449377303492613,45,0.5
2023-12-23,False,True,5,12,51,28.5,False,False,156547,60,0.8333333333333334,0.10619731901650861,53,-0.4
2023-12-24,False,True,6,12,51,28.1,False,False,159834,50,1.0,0.10653177676799098,44,0.4285714285714285
2023-12-25,True,False,0,12,52,28.2,False,False,173121,53,0.8333333333333334,0.08644372723595621,48,0.5
2023-12-26,False,False,1,12,52,27.7,False,False,158323,51,0.8833333333333333,0.08242208049619537,46,-0.6
2023-12-27,False,False,2,12,52,27.2,False,False,150000,55,0.85,0.10004982081157868,49,0.5
2023-12-28,False,False,3,12,52,27.0,False,True,150000,59,0.9166666666666666,0.06274854960634887,55,-0.1428571428571428
2023-12-29,False,False,4,12,52,26.5,False,False,153700,42,0.9833333333333333,0.08996525720652593,38,-0.1111111111111111
2023-12-30,False,True,5,12,52,27.7,True,False,155547,60,0.7,0.16148991008979333,50,0.6666666666666666
2023-12-31,False,True,6,12,52,27.3,True,True,179751,57,1.0,0.12078799544138016,50,0.25
2024-01-01,True,False,0,1,1,27.4,False,False,173318,56,0.95,0.06774140280631671,52,-0.1111111111111111
2024-01-02,False,False,1,1,1,27.4,False,False,150000,41,0.9333333333333333,0.08210933646158645,37,0.25
2024-01-03,False,False,2,1,1,28.1,False,False,156516,51,0.6833333333333333,0.08808479678238701,46,-0.1428571428571428
2024-01-04,False,False,3,1,1,28.1,False,False,156438,52,0.85,0.08428579071023029,47,0.3333333333333333
2024-01-05,False,False,4,1,1,28.1,False,False,152927,36,0.8666666666666667,0.10388920035451399,32,-0.25
2024-01-06,False,True,5,1,1,27.8,False,False,171916,55,0.6,0.10545275783260677,49,-0.1111111111111111
2024-01-07,False,True,6,1,1,28.1,False,False,167249,47,0.9166666666666666,0.08985285946600681,42,-0.2
2024-01-08,True,False,0,1,2,28.6,True,False,173492,56,0.7833333333333333,0.10972381809365685,49,1.0
2024-01-09,False,False,1,1,2,28.1,True,False,150000,57,0.9333333333333333,0.12915411752461434,49,-0.3333333333333333
2024-01-10,False,False,2,1,2,27.6,False,False,150000,51,0.95,0.09137916715518188,46,0.0
2024-01-11,False,False,3,1,2,27.8,False,False,150000,40,0.85,0.10354080260142687,35,-0.6666666666666666
2024-01-12,False,False,4,1,2,27.8,False,False,150191,40,0.6666666666666666,0.08551671018137809,36,-0.1428571428571428
2024-01-13,False,True,5,1,2,27.7,False,False,170058,41,0.6666666666666666,0.10461338930104444,36,0.1428571428571428
2024-01-14,False,True,6,1,2,28.0,False,True,177573,55,0.6833333333333333,0.06133590685573512,51,0.3333333333333333
2024-01-15,False,False,0,1,3,28.7,False,False,156895,42,0.9166666666666666,0.09511332946172074,38,0.1428571428571428
2024-01-16,False,False,1,1,3,29.7,False,False,150234,51,0.7,0.09006719641170358,46,0.2
2024-01-17,False,False,2,1,3,29.6,False,False,150000,44,0.85,0.11706420322541045,38,0.7142857142857143
2024-01-18,False,False,3,1,3,28.8,False,False,150000,48,0.7333333333333333,0.10552426085019241,42,0.0
2024-01-19,False,False,4,1,3,28.6,False,False,150000,54,0.8,0.0967837364921008,48,-0.3333333333333333
2024-01-20,False,True,5,1,3,28.5,False,False,171810,60,0.9,0.1176946066270485,52,-0.1111111111111111
2024-01-21,False,True,6,1,3,28.9,False,False,166886,43,1.0,0.09478381933648392,38,0.2
2024-01-22,False,False,0,1,4,29.5,False,False,150000,54,0.7166666666666667,0.09392748771285368,48,0.3333333333333333
2024-01-23,False,False,1,1,4,29.2,False,False,150000,47,0.9,0.10945696108857697,41,0.6
2024-01-24,False,False,2,1,4,28.9,False,False,158556,51,0.7833333333333333,0.09918007366176383,45,-0.1111111111111111
2024-01-25,False,False,3,1,4,28.2,False,False,152314,51,0.85,0.1122197431628654,45,0.0
2024-01-26,False,False,4,1,4,28.2,False,False,152318,42,0.85,0.10416332784057705,37,-0.3333333333333333
2024-01-27,False,True,5,1,4,28.2,True,False,150000,60,0.7,0.15617075222860013,50,0.0
2024-01-28,False,True,6,1,4,28.1,True,False,176241,55,1.0,0.1584156478451929,46,0.4285714285714285
2024-01-29,False,False,0,1,5,27.9,False,False,151178,48,0.9166666666666666,0.0977585479197354,43,-0.25
2024-01-30,False,False,1,1,5,28.1,False,False,150000,51,0.8,0.11140822804781599,45,0.8
2024-01-31,False,False,2,1,5,27.8,False,False,150000,43,0.85,0.08505538158521544,39,-0.5
2024-02-01,False,False,3,2,5,27.8,False,False,150000,31,0.7166666666666667,0.11220898495008595,27,0.0
2024-02-02,False,False,4,2,5,27.6,False,False,158008,37,0.5166666666666667,0.11174054369282672,32,0.0
2024-02-03,False,True,5,2,5,27.6,False,False,150000,37,0.6166666666666667,0.09516451954359051,33,0.0
2024-02-04,False,True,6,2,5,27.7,True,True,179457,49,0.6166666666666667,0.09992707246574473,44,0.1428571428571428
2024-02-05,False,False,0,2,6,27.9,False,False,150000,36,0.8166666666666667,0.09437498059432678,32,0.25
2024-02-06,False,False,1,2,6,27.7,False,False,154634,38,0.6,0.10220376886402353,34,0.2727272727272727
2024-02-07,False,False,2,2,6,27.6,False,False,157298,38,0.6333333333333333,0.09185106454817636,34,1.0
2024-02-08,False,False,3,2,6,27.2,False,False,150000,35,0.6333333333333333,0.09307929288102706,31,-0.6
2024-02-09,False,False,4,2,6,28.4,True,False,150000,44,0.5833333333333334,0.16295606632637885,36,-0.2
2024-02-10,False,True,5,2,6,28.6,True,False,181349,38,0.7333333333333333,0.15347501219821827,32,0.3333333333333333
2024-02-11,False,True,6,2,6,29.1,False,False,165807,43,0.6333333333333333,0.11197101565793802,38,-0.1428571428571428
2024-02-12,False,False,0,2,7,29.0,False,True,174356,39,0.7166666666666667,0.09538146707241948,35,0.5555555555555556
2024-02-13,False,False,1,2,7,28.2,False,False,150000,40,0.65,0.10385903215205632,35,0.0
2024-02-14,False,False,2,2,7,29.3,False,False,156451,46,0.6666666666666666,0.09667208742563682,41,0.1111111111111111
2024-02-15,False,False,3,2,7,29.4,False,False,150000,39,0.7666666666666667,0.11461289435720641,34,0.0
2024-02-16,False,False,4,2,7,29.6,False,False,156941,43,0.65,0.10634401283660737,38,0.5
2024-02-17,False,True,5,2,7,29.9,True,False,157153,52,0.7166666666666667,0.17079794509918564,43,0.6
2024-02-18,False,True,6,2,7,29.5,False,False,168078,33,0.8666666666666667,0.09315603639564807,29,0.0
2024-02-19,False,False,0,2,8,28.9,False,False,160585,34,0.55,0.09062210007710901,30,0.25
2024-02-20,False,False,1,2,8,28.9,False,True,177741,37,0.5666666666666667,0.07841206911026757,34,-0.25
2024-02-21,False,False,2,2,8,28.5,False,False,158509,37,0.6166666666666667,0.10071324512295633,33,-0.1428571428571428
2024-02-22,False,False,3,2,8,27.7,False,False,150000,40,0.6166666666666667,0.10001910890699647,35,-0.1111111111111111
2024-02-23,False,False,4,2,8,28.0,False,False,150000,47,0.6666666666666666,0.1212083612662251,41,0.0
2024-02-24,False,True,5,2,8,28.8,True,False,150000,54,0.7833333333333333,0.15359405855087704,45,0.6
2024-02-25,False,True,6,2,8,29.0,False,False,159359,39,0.9,0.09497331278871604,35,-0.1428571428571428
2024-02-26,False,False,0,2,9,28.8,False,False,150000,41,0.65,0.099620621188283,36,0.0
2024-02-27,False,False,1,2,9,28.7,False,True,168903,41,0.6833333333333333,0.07984995104221441,37,0.1111111111111111
2024-02-28,False,False,2,2,9,29.1,False,False,165631,43,0.6833333333333333,0.11227015225265971,38,1.0
2024-02-29,False,False,3,2,9,28.9,False,False,156304,34,0.7166666666666667,0.10322157170722555,30,-0.5
2024-03-01,False,False,4,3,9,28.4,False,False,162933,32,0.5666666666666667,0.10287879714538083,28,0.0
2024-03-02,False,True,5,3,9,28.0,True,False,165070,38,0.5333333333333333,0.146938890395086,32,0.0
2024-03-03,False,True,6,3,9,28.4,True,False,156223,48,0.6333333333333333,0.15226879995461454,40,0.1111111111111111
2024-03-04,False,False,0,3,10,28.2,False,False,150000,38,0.8,0.08879200223947614,34,-0.1428571428571428
2024-03-05,False,False,1,3,10,28.5,True,False,152395,33,0.6333333333333333,0.13347068096086764,28,0.2
2024-03-06,False,False,2,3,10,29.1,False,False,150000,29,0.55,0.09138093507439274,26,0.25
2024-03-07,False,False,3,3,10,29.0,False,False,162630,29,0.48333333333333334,0.08346746520960574,26,0.0
2024-03-08,False,False,4,3,10,29.6,False,False,150000,38,0.48333333333333334,0.10966057766555867,33,0.6
2024-03-09,False,True,5,3,10,29.3,False,False,156041,33,0.6333333333333333,0.09313440253236951,29,0.0
2024-03-10,False,True,6,3,10,29.2,True,False,171869,45,0.55,0.15557206024401524,37,-0.3333333333333333
2024-03-11,False,False,0,3,11,29.6,False,False,150000,35,0.75,0.10088000194644572,31,-0.6
2024-03-12,False,False,1,3,11,29.5,False,False,150000,27,0.5833333333333334,0.11866599257219296,23,-0.2
2024-03-13,False,False,2,3,11,30.5,False,False,164343,37,0.45,0.09260008415337327,33,0.0
2024-03-14,False,False,3,3,11,30.0,False,False,150000,32,0.6166666666666667,0.09774458671379435,28,0.3333333333333333
2024-03-15,False,False,4,3,11,30.4,False,False,150000,41,0.5333333333333333,0.10391564275668048,36,0.75
2024-03-16,False,True,5,3,11,29.9,False,False,174832,37,0.6833333333333333,0.11508783080237932,32,0.4285714285714285
2024-03-17,False,True,6,3,11,29.6,False,False,181214,39,0.6166666666666667,0.08548544194857748,35,1.0
2024-03-18,False,False,0,3,12,30.3,False,False,167402,31,0.65,0.1039163746016351,27,-0.3333333333333333
2024-03-19,False,False,1,3,12,29.3,False,False,150000,23,0.5166666666666667,0.10839236026481434,20,-0.1428571428571428
2024-03-20,False,False,2,3,12,28.7,False,False,155026,25,0.38333333333333336,0.09701100719265619,22,0.7142857142857143
2024-03-21,False,False,3,3,12,28.9,False,False,150000,27,0.4166666666666667,0.10372749054143751,24,-1.0
2024-03-22,False,False,4,3,12,28.8,False,True,180670,33,0.45,0.067655658209442,30,0.3333333333333333
2024-03-23,False,True,5,3,12,28.6,False,False,164663,33,0.55,0.0963174771277782,29,0.75
2024-03-24,False,True,6,3,12,28.5,False,False,172255,32,0.55,0.09349045096557755,29,0.1428571428571428
2024-03-25,True,False,0,3,13,28.7,True,False,184866,40,0.5333333333333333,0.12136120533906003,35,-0.2727272727272727
2024-03-26,False,False,1,3,13,28.4,False,False,150353,30,0.6666666666666666,0.08556016486670816,27,0.1111111111111111
2024-03-27,False,False,2,3,13,27.9,False,True,165757,33,0.5,0.06602400557975752,30,0.0
2024-03-28,True,False,3,3,13,27.5,False,False,181978,36,0.55,0.06607983739618542,33,0.25
2024-03-29,True,False,4,3,13,28.0,True,False,176826,41,0.6,0.1219233966188614,36,0.6
2024-03-30,False,True,5,3,13,29.0,True,False,160178,32,0.6833333333333333,0.1539785762109656,27,-1.0
2024-03-31,False,True,6,3,13,29.8,False,False,173911,39,0.5333333333333333,0.10240021832200438,35,-1.0
2024-04-01,False,False,0,4,14,29.7,False,False,150000,35,0.65,0.10252232712947215,31,1.0
2024-04-02,False,False,1,4,14,29.0,False,False,154290,31,0.5833333333333334,0.1036906819619631,27,0.1111111111111111
2024-04-03,False,False,2,4,14,28.3,False,False,150260,31,0.5166666666666667,0.10185521769202673,27,-0.3333333333333333
2024-04-04,False,False,3,4,14,27.3,False,False,150000,26,0.5166666666666667,0.09807932986032684,23,0.0
2024-04-05,False,False,4,4,14,27.8,True,False,150000,45,0.43333333333333335,0.14228281441320173,38,0.6666666666666666
2024-04-06,False,True,5,4,14,28.8,False,False,155023,45,0.75,0.11086496984127481,40,0.3333333333333333
2024-04-07,False,True,6,4,14,29.2,True,False,182645,45,0.75,0.1518870910227227,38,0.25
2024-04-08,False,False,0,4,15,29.5,False,False,150000,31,0.75,0.11804457534641366,27,1.0
2024-04-09,False,False,1,4,15,29.4,False,False,150000,33,0.5166666666666667,0.10400902267482628,29,0.1428571428571428
2024-04-10,False,False,2,4,15,29.3,False,False,151620,37,0.55,0.1076193987228008,33,0.2
2024-04-11,False,False,3,4,15,29.4,False,False,150000,28,0.6166666666666667,0.08332918863555026,25,0.4285714285714285
2024-04-12,False,False,4,4,15,29.9,False,False,156474,38,0.4666666666666667,0.09615971640594195,34,-0.2
2024-04-13,False,True,5,4,15,29.5,False,False,150000,36,0.6333333333333333,0.09044424687227041,32,0.0
2024-04-14,False,True,6,4,15,29.6,False,False,151629,36,0.6,0.10717305817580466,32,0.0
2024-04-15,False,False,0,4,16,29.5,False,False,150646,34,0.6,0.09629863137537695,30,0.75
2024-04-16,False,False,1,4,16,29.2,False,False,150451,36,0.5666666666666667,0.08987510535816509,32,0.1428571428571428
2024-04-17,False,False,2,4,16,29.3,False,False,162100,27,0.6,0.101296304671083,24,0.2727272727272727
2024-04-18,False,False,3,4,16,28.9,False,False,165606,34,0.45,0.11014595991571692,30,0.0
2024-04-19,False,False,4,4,16,28.6,False,False,156724,37,0.5666666666666667,0.10241674038708377,33,0.6
2024-04-20,False,True,5,4,16,28.5,True,False,165659,47,0.6166666666666667,0.14684141284113975,40,0.6666666666666666
2024-04-21,False,True,6,4,16,27.8,True,False,171155,45,0.7833333333333333,0.16153791064778797,37,0.25
2024-04-22,False,False,0,4,17,26.9,False,False,162278,37,0.75,0.11864484565579865,32,1.0
2024-04-23,False,False,1,4,17,27.2,False,False,150000,30,0.6166666666666667,0.09244438466666872,27,0.3333333333333333
2024-04-24,False,False,2,4,17,28.4,False,False,150000,34,0.5,0.09875817137026088,30,0.6
2024-04-25,False,False,3,4,17,28.5,False,False,163080,36,0.5666666666666667,0.09147708204426867,32,0.4285714285714285
2024-04-26,False,False,4,4,17,27.0,False,False,154783,32,0.6,0.10172602440536666,28,0.1666666666666666
2024-04-27,False,True,5,4,17,27.3,False,False,170094,37,0.5333333333333333,0.09844542980874864,33,0.3333333333333333
2024-04-28,False,True,6,4,17,26.6,True,False,168965,39,0.6166666666666667,0.1483481942937503,33,0.2
2024-04-29,False,False,0,4,18,26.8,False,False,156696,39,0.65,0.09719567788542606,35,-0.3333333333333333
2024-04-30,False,False,1,4,18,28.6,False,False,150000,25,0.65,0.08844594026904837,22,-0.5
2024-05-01,True,False,2,5,18,28.2,True,False,197092,49,0.4166666666666667,0.12243691887252038,43,0.1428571428571428
2024-05-02,False,False,3,5,18,27.9,False,True,166816,37,0.8166666666666667,0.06475040529210534,34,-0.4285714285714285
2024-05-03,False,False,4,5,18,28.0,False,True,161092,39,0.6166666666666667,0.06741351877519157,36,-0.2
2024-05-04,False,True,5,5,18,27.3,True,False,162002,30,0.65,0.1551781271653035,25,0.3333333333333333
2024-05-05,False,True,6,5,18,27.0,True,True,174385,46,0.5,0.11868672690094177,40,-0.1428571428571428
2024-05-06,False,False,0,5,19,28.7,False,False,152206,29,0.7666666666666667,0.09806418505538453,26,0.1428571428571428
2024-05-07,False,False,1,5,19,28.6,False,False,162032,28,0.48333333333333334,0.10163279591616788,25,1.0
2024-05-08,False,False,2,5,19,27.4,True,False,150000,34,0.4666666666666667,0.1503560330695618,28,0.3333333333333333
2024-05-09,False,False,3,5,19,26.4,False,False,153553,30,0.5666666666666667,0.09071849936403757,27,0.0
2024-05-10,False,False,4,5,19,28.3,False,False,150000,21,0.5,0.09676978257073234,18,1.0
2024-05-11,False,True,5,5,19,28.3,False,False,156160,35,0.35,0.09678678239333975,31,0.0
2024-05-12,False,True,6,5,19,28.0,False,False,166702,34,0.5833333333333334,0.09309709130915458,30,0.0
2024-05-13,True,False,0,5,20,29.4,True,False,211441,39,0.5666666666666667,0.12267524402143906,34,0.4285714285714285
2024-05-14,False,False,1,5,20,28.7,False,False,150000,33,0.65,0.09991644579509792,29,0.3333333333333333
2024-05-15,False,False,2,5,20,27.7,False,False,154402,28,0.55,0.11756473575383046,24,0.0
2024-05-16,False,False,3,5,20,28.2,False,False,150000,23,0.4666666666666667,0.09005740873127822,20,0.3333333333333333
2024-05-17,False,False,4,5,20,28.2,True,False,150000,40,0.38333333333333336,0.1482049051134537,34,-0.2
2024-05-18,False,True,5,5,20,28.7,True,False,156281,36,0.6666666666666666,0.12913376912283983,31,0.1111111111111111
2024-05-19,False,True,6,5,20,29.3,False,False,172208,38,0.6,0.10656310031920285,33,0.0666666666666666
2024-05-20,False,False,0,5,21,28.5,False,False,150000,28,0.6333333333333333,0.10312101090278489,25,-0.6
2024-05-21,False,False,1,5,21,26.5,False,True,164101,37,0.4666666666666667,0.06078565049459933,34,-1.0
2024-05-22,False,False,2,5,21,27.3,False,False,150000,32,0.6166666666666667,0.08592740934060114,29,0.2
2024-05-23,False,False,3,5,21,27.9,False,False,157890,34,0.5333333333333333,0.09353205590020998,30,0.6
2024-05-24,False,False,4,5,21,27.9,False,True,167858,35,0.5666666666666667,0.0737395768954447,32,0.3333333333333333
2024-05-25,False,True,5,5,21,27.5,False,False,183814,29,0.5833333333333334,0.10164368723350779,26,0.6
2024-05-26,False,True,6,5,21,28.4,False,False,161014,35,0.48333333333333334,0.11646175218493313,30,-1.0
2024-05-27,False,False,0,5,22,28.4,True,False,150000,28,0.5833333333333334,0.1538656917462548,23,0.0
2024-05-28,False,False,1,5,22,27.7,False,False,150000,31,0.4666666666666667,0.10722987575809265,27,0.0
2024-05-29,False,False,2,5,22,27.5,False,False,155856,31,0.5166666666666667,0.0841117022975293,28,0.5
2024-05-30,False,False,3,5,22,26.7,False,False,150000,31,0.5166666666666667,0.10836682366590256,27,-0.1428571428571428
2024-05-31,False,False,4,5,22,27.6,False,False,150000,36,0.5166666666666667,0.09624949272554698,32,0.75
2024-06-01,False,True,5,6,22,29.5,False,False,160322,56,0.6,0.08436011862949966,51,-0.1111111111111111
2024-06-02,False,True,6,6,22,28.8,True,False,173371,49,0.9333333333333333,0.15760450612003288,41,0.0
2024-06-03,True,False,0,6,23,27.7,False,False,174032,53,0.8166666666666667,0.09202973901219749,48,0.0
2024-06-04,False,False,1,6,23,27.4,False,False,150000,41,0.8833333333333333,0.1048166748440841,36,1.0
2024-06-05,False,False,2,6,23,27.6,False,False,158751,41,0.6833333333333333,0.08114056901901161,37,-0.3333333333333333
2024-06-06,False,False,3,6,23,26.7,False,False,150000,40,0.6833333333333333,0.09958120773533378,36,0.5
2024-06-07,False,False,4,6,23,26.9,False,False,157683,46,0.6666666666666666,0.10308879308002741,41,1.0
2024-06-08,False,True,5,6,23,28.0,True,False,158323,50,0.7666666666666667,0.14231509327975744,42,0.0
2024-06-09,False,True,6,6,23,27.3,False,False,167296,46,0.8333333333333334,0.09698869742757787,41,0.1428571428571428
2024-06-10,True,False,0,6,24,27.2,True,False,206655,52,0.7666666666666667,0.13553067130823634,44,-0.2307692307692307
2024-06-11,False,False,1,6,24,27.1,False,False,168398,44,0.8666666666666667,0.10359104037476134,39,0.3333333333333333
2024-06-12,False,False,2,6,24,27.5,False,False,150000,43,0.7333333333333333,0.09284613946492279,39,1.0
2024-06-13,False,False,3,6,24,27.1,False,False,150000,35,0.7166666666666667,0.09433395363682474,31,1.0
2024-06-14,False,False,4,6,24,26.9,False,False,170461,49,0.5833333333333334,0.1029016146404153,43,-0.2
2024-06-15,False,True,5,6,24,26.8,True,False,161640,56,0.8166666666666667,0.14548524657723066,47,0.0
2024-06-16,False,True,6,6,24,27.4,True,False,168067,54,0.9333333333333333,0.13566171960405557,46,0.0
2024-06-17,False,False,0,6,25,28.3,False,False,150000,46,0.9,0.10360899037095168,41,-1.0
2024-06-18,False,False,1,6,25,27.9,False,False,150000,43,0.7666666666666667,0.10489089552412856,38,0.5
2024-06-19,False,False,2,6,25,26.8,False,False,154843,43,0.7166666666666667,0.11576660036653992,38,0.3333333333333333
2024-06-20,False,False,3,6,25,26.4,False,False,158702,41,0.7166666666666667,0.11746772918396745,36,0.6666666666666666
2024-06-21,False,False,4,6,25,27.9,False,False,150000,43,0.6833333333333333,0.11849666603079309,37,0.6
2024-06-22,False,True,5,6,25,26.7,False,False,156138,44,0.7166666666666667,0.0962673598822,39,-0.4545454545454545
2024-06-23,False,True,6,6,25,26.6,False,False,165070,38,0.7333333333333333,0.08885595227451111,34,-0.5
2024-06-24,False,False,0,6,26,26.8,False,False,150000,41,0.6333333333333333,0.08458225196997964,37,-0.4285714285714285
2024-06-25,False,False,1,6,26,26.7,True,False,152775,45,0.6833333333333333,0.15359205202773213,38,0.6
2024-06-26,False,False,2,6,26,27.1,True,False,157885,30,0.75,0.1403685068707145,25,0.1428571428571428
2024-06-27,False,False,3,6,26,26.0,False,False,157706,47,0.5,0.09070927170870886,42,-0.1428571428571428
2024-06-28,False,False,4,6,26,26.1,False,False,150000,36,0.7833333333333333,0.08970977640938067,32,-0.4285714285714285
2024-06-29,False,True,5,6,26,26.7,False,False,174551,43,0.6,0.10126640610426886,38,0.7142857142857143
2024-06-30,False,True,6,6,26,28.0,True,False,161155,50,0.7166666666666667,0.13933982715574558,43,0.3333333333333333
2024-07-01,True,False,0,7,27,28.1,False,False,176912,46,0.8333333333333334,0.07396297645508444,42,-0.1428571428571428
2024-07-02,False,False,1,7,27,26.9,False,False,150000,48,0.7666666666666667,0.0951513898813903,43,0.4
2024-07-03,False,False,2,7,27,27.0,False,False,153074,39,0.8,0.09931395595039333,35,0.5
2024-07-04,False,False,3,7,27,26.9,False,False,150000,41,0.65,0.10414883463110511,36,0.0
2024-07-05,False,False,4,7,27,25.9,False,False,152883,40,0.6833333333333333,0.08959650214138179,36,0.5
2024-07-06,False,True,5,7,27,27.6,True,False,167639,55,0.6666666666666666,0.14165498404378665,47,-0.0909090909090909
2024-07-07,False,True,6,7,27,28.6,False,False,181985,54,0.9166666666666666,0.10742110503212633,48,1.0
2024-07-08,False,False,0,7,28,28.3,False,False,155637,44,0.9,0.09185767339177685,39,0.1428571428571428
2024-07-09,False,False,1,7,28,29.0,False,False,152535,51,0.7333333333333333,0.11323613471293985,45,0.2
2024-07-10,False,False,2,7,28,28.1,False,False,162841,49,0.85,0.10776538055667398,43,-0.3333333333333333
2024-07-11,False,False,3,7,28,27.6,False,False,161536,33,0.8166666666666667,0.08818626705652788,30,0.0
2024-07-12,False,False,4,7,28,28.1,False,False,154041,36,0.55,0.08832294029156305,32,-0.3333333333333333
2024-07-13,False,True,5,7,28,28.3,False,False,171727,50,0.6,0.10800879789525426,44,0.0
2024-07-14,False,True,6,7,28,28.9,False,False,153396,51,0.8333333333333334,0.09456573040154545,46,-0.2
2024-07-15,False,False,0,7,29,29.4,False,False,150000,57,0.85,0.0910998404207569,51,1.0
2024-07-16,False,False,1,7,29,29.9,True,False,150000,44,0.95,0.1416681274185951,37,-0.25
2024-07-17,False,False,2,7,29,27.5,False,False,163002,44,0.7333333333333333,0.10006180277219007,39,0.6
2024-07-18,False,False,3,7,29,27.3,False,False,154639,38,0.7333333333333333,0.09086063896991964,34,0.2
2024-07-19,False,False,4,7,29,26.4,False,False,156323,38,0.6333333333333333,0.11579858601538806,33,0.0
2024-07-20,True,True,5,7,29,27.5,True,True,227892,60,0.6333333333333333,0.09812325790833823,54,1.0
2024-07-21,False,True,6,7,29,28.8,False,False,162788,55,1.0,0.10741432686072139,49,0.0
2024-07-22,False,False,0,7,30,28.2,False,False,150000,45,0.9166666666666666,0.1063299460686236,40,0.7142857142857143
2024-07-23,False,False,1,7,30,27.7,False,False,150000,46,0.75,0.10297747973881335,41,0.1111111111111111
2024-07-24,False,False,2,7,30,27.2,False,False,163584,44,0.7666666666666667,0.09927018465269799,39,-0.3333333333333333
2024-07-25,False,False,3,7,30,27.9,False,False,151675,39,0.7333333333333333,0.10718055407045429,34,0.0
2024-07-26,False,False,4,7,30,26.7,False,False,150000,41,0.65,0.10379237541721761,36,0.6
2024-07-27,False,True,5,7,30,27.1,False,False,161416,44,0.6833333333333333,0.10087991367932646,39,-0.2
2024-07-28,False,True,6,7,30,28.2,False,False,165263,46,0.7333333333333333,0.10667248535573366,41,0.7142857142857143
2024-07-29,False,False,0,7,31,29.1,False,False,161077,40,0.7666666666666667,0.1069840651362328,35,0.0
2024-07-30,False,False,1,7,31,29.2,False,False,153725,38,0.6666666666666666,0.09838818506412744,34,0.6
2024-07-31,False,False,2,7,31,27.7,False,False,150000,52,0.6333333333333333,0.09942588662759781,46,-0.5
2024-08-01,False,False,3,8,31,27.5,False,False,150000,33,0.8666666666666667,0.09755598035105034,29,0.3333333333333333
2024-08-02,False,False,4,8,31,27.0,False,False,153410,38,0.55,0.10043830600888888,34,0.3333333333333333
2024-08-03,False,True,5,8,31,26.6,False,False,167380,43,0.6333333333333333,0.0970580711193542,38,0.0
2024-08-04,False,True,6,8,31,26.9,True,False,172573,48,0.7166666666666667,0.1626757404572704,40,0.3333333333333333
2024-08-05,False,False,0,8,32,26.9,False,False,157075,31,0.8,0.10348625866366974,27,1.0
2024-08-06,False,False,1,8,32,25.9,True,False,154994,33,0.5166666666666667,0.151005655009706,28,0.6
2024-08-07,True,False,2,8,32,26.5,True,False,185420,39,0.55,0.12973413269275494,33,0.25
2024-08-08,False,False,3,8,32,27.2,False,False,154780,27,0.65,0.11250302444881007,23,1.0
2024-08-09,False,False,4,8,32,27.4,False,False,158161,24,0.45,0.09110387566602407,21,0.25
2024-08-10,False,True,5,8,32,26.5,True,True,179752,49,0.4,0.10903345251145907,43,0.6666666666666666
2024-08-11,False,True,6,8,32,26.4,False,False,167059,36,0.8166666666666667,0.09174154799298902,32,1.0
2024-08-12,False,False,0,8,33,27.8,False,False,157055,40,0.6,0.10569282409792023,35,0.3333333333333333
2024-08-13,False,False,1,8,33,27.1,False,False,151414,33,0.6666666666666666,0.11324159468534031,29,-0.2
2024-08-14,False,False,2,8,33,28.1,False,False,150000,29,0.55,0.10205828500001153,26,0.25
2024-08-15,False,False,3,8,33,28.0,False,False,159955,25,0.48333333333333334,0.09771877078483057,22,0.5
2024-08-16,False,False,4,8,33,28.2,False,False,150000,36,0.4166666666666667,0.09361499217294328,32,-0.4285714285714285
2024-08-17,False,True,5,8,33,27.9,True,False,165963,36,0.6,0.1656910695572445,30,0.6
2024-08-18,False,True,6,8,33,28.0,True,False,172656,41,0.6,0.15081063737655767,34,0.2727272727272727
2024-08-19,True,False,0,8,34,28.5,False,False,166040,36,0.6833333333333333,0.07728985277832591,33,0.2
2024-08-20,False,False,1,8,34,27.8,False,False,156786,23,0.6,0.0981551102581246,20,0.0
2024-08-21,False,False,2,8,34,27.6,False,False,150000,31,0.38333333333333336,0.1021739583076909,27,0.25
2024-08-22,False,False,3,8,34,27.5,False,False,150417,37,0.5166666666666667,0.09950505740311703,33,-0.5
2024-08-23,False,False,4,8,34,27.1,False,False,154506,35,0.6166666666666667,0.09726159003216232,31,0.6
2024-08-24,False,True,5,8,34,26.6,True,False,158958,36,0.5833333333333334,0.1253532031937203,31,-0.3333333333333333
2024-08-25,False,True,6,8,34,25.8,False,False,164119,37,0.6,0.11383756944411552,32,0.2
2024-08-26,False,False,0,8,35,25.6,False,False,150000,34,0.6166666666666667,0.08908083931685451,30,0.2727272727272727
2024-08-27,False,False,1,8,35,27.0,False,False,150109,33,0.5666666666666667,0.0891931783084415,30,1.0
2024-08-28,False,False,2,8,35,28.3,False,False,170662,34,0.55,0.1240114206141659,29,-0.3333333333333333
2024-08-29,False,False,3,8,35,28.8,False,False,150000,38,0.5666666666666667,0.09093275087391464,34,0.4285714285714285
2024-08-30,False,False,4,8,35,27.7,False,False,156075,34,0.6333333333333333,0.0984333443658538,30,0.0
2024-08-31,False,True,5,8,35,27.2,True,False,165976,46,0.5666666666666667,0.15795675326177158,38,0.5
2024-09-01,False,True,6,9,35,26.7,True,False,161818,28,0.7666666666666667,0.13044972391607884,24,0.3333333333333333
2024-09-02,False,False,0,9,36,27.1,False,False,150000,25,0.4666666666666667,0.08975452780613936,22,0.3333333333333333
2024-09-03,False,False,1,9,36,27.1,False,False,154617,27,0.4166666666666667,0.10707580542008083,24,0.2
2024-09-04,False,False,2,9,36,26.9,False,True,150345,32,0.45,0.07710837393523975,29,0.1428571428571428
2024-09-05,False,False,3,9,36,27.1,False,False,150000,40,0.5333333333333333,0.09384623953582939,36,0.0
2024-09-06,False,False,4,9,36,26.7,False,True,185207,36,0.6666666666666666,0.056207829669609494,33,-0.4285714285714285
2024-09-07,False,True,5,9,36,26.8,False,False,172130,29,0.6,0.10916781942256465,25,0.5555555555555556
2024-09-08,False,True,6,9,36,26.8,True,False,169705,30,0.48333333333333334,0.141948976267346,25,-0.4
2024-09-09,False,False,0,9,37,27.3,False,False,150008,28,0.5,0.08992577580598168,25,-0.6
2024-09-10,False,False,1,9,37,27.8,False,False,151886,33,0.4666666666666667,0.09092783414016581,29,0.2
2024-09-11,False,False,2,9,37,26.9,False,False,151601,24,0.55,0.1052860333412928,21,0.0
2024-09-12,False,False,3,9,37,26.4,False,False,150000,29,0.4,0.10196843743977382,26,0.6666666666666666
2024-09-13,False,False,4,9,37,27.4,False,False,150000,28,0.48333333333333334,0.09700961636148757,25,-0.3333333333333333
2024-09-14,False,True,5,9,37,27.0,True,False,150786,25,0.4666666666666667,0.15236903886691383,21,0.2
2024-09-15,False,True,6,9,37,28.7,False,False,159533,33,0.4166666666666667,0.10423845808027724,29,-0.4285714285714285
2024-09-16,False,False,0,9,38,27.8,False,False,158444,23,0.55,0.1177017061305039,20,-0.1428571428571428
2024-09-17,False,False,1,9,38,27.8,False,False,150000,17,0.38333333333333336,0.09563515797298093,15,0.2
2024-09-18,False,False,2,9,38,28.5,False,False,150000,27,0.2833333333333333,0.11550880829636188,23,0.0
2024-09-19,False,False,3,9,38,28.0,True,False,150000,32,0.45,0.1421613518129113,27,-0.2
2024-09-20,False,False,4,9,38,26.8,False,False,150000,33,0.5333333333333333,0.09676412870529295,29,1.0
2024-09-21,False,True,5,9,38,26.9,True,False,170265,26,0.55,0.15015072805701898,22,0.6
2024-09-22,False,True,6,9,38,26.2,True,False,168297,31,0.43333333333333335,0.15900353341716927,26,0.6666666666666666
2024-09-23,False,False,0,9,39,27.4,False,False,156865,27,0.5166666666666667,0.10232916435235812,24,0.3333333333333333
2024-09-24,False,False,1,9,39,27.5,False,True,164324,45,0.45,0.08314119939363326,41,0.1111111111111111
2024-09-25,False,False,2,9,39,26.5,False,False,160327,21,0.75,0.11028167102118179,18,1.0
2024-09-26,False,False,3,9,39,26.4,False,False,162481,14,0.35,0.11471233448185958,12,0.5
2024-09-27,False,False,4,9,39,27.0,True,False,163346,30,0.23333333333333334,0.16223914878304116,25,0.1428571428571428
2024-09-28,False,True,5,9,39,26.2,True,False,150000,27,0.5,0.14938658902781882,22,0.3333333333333333
2024-09-29,False,True,6,9,39,25.7,False,False,159050,25,0.45,0.09792301199804138,22,0.4285714285714285
2024-09-30,False,False,0,9,40,26.4,False,False,177731,21,0.4166666666666667,0.1046996745644636,18,-0.2
2024-10-01,False,False,1,10,40,26.9,False,True,170887,28,0.35,0.0635734922391061,26,0.25
2024-10-02,False,False,2,10,40,26.9,False,False,150000,23,0.4666666666666667,0.09010089067617083,20,-0.5
2024-10-03,False,False,3,10,40,27.3,False,False,153785,24,0.38333333333333336,0.07351679136255065,22,-0.6
2024-10-04,False,False,4,10,40,27.6,False,False,160978,30,0.4,0.10998980126209679,26,0.0
2024-10-05,False,True,5,10,40,26.4,False,False,150000,24,0.5,0.10579952398022618,21,0.5
2024-10-06,False,True,6,10,40,26.4,True,False,163758,37,0.4,0.14982559802282777,31,0.5
2024-10-07,False,False,0,10,41,26.5,False,False,151214,29,0.6166666666666667,0.0954554422231686,26,0.5555555555555556
2024-10-08,False,False,1,10,41,26.2,True,False,156737,27,0.48333333333333334,0.15755250503836335,22,0.2
2024-10-09,False,False,2,10,41,26.5,False,False,150671,28,0.45,0.0937741532421806,25,-0.4285714285714285
2024-10-10,False,False,3,10,41,26.0,False,False,164967,29,0.4666666666666667,0.112722593149511,25,-0.1111111111111111
2024-10-11,False,False,4,10,41,26.5,False,False,165440,25,0.48333333333333334,0.08075657363346601,22,-0.5
2024-10-12,False,True,5,10,41,27.2,False,False,155016,34,0.4166666666666667,0.09952042855129174,30,0.2
2024-10-13,False,True,6,10,41,27.6,False,False,175396,37,0.5666666666666667,0.11064597196238155,32,0.0
2024-10-14,True,False,0,10,42,27.2,True,False,182435,46,0.6166666666666667,0.1325048894870047,39,0.3333333333333333
2024-10-15,False,False,1,10,42,26.2,False,False,150000,24,0.7666666666666667,0.11749988485631283,21,0.3333333333333333
2024-10-16,False,False,2,10,42,25.8,False,False,150000,31,0.4,0.08893522767833148,28,-0.6
2024-10-17,False,False,3,10,42,27.3,False,False,150000,27,0.5166666666666667,0.10646976342333858,24,0.6
2024-10-18,False,False,4,10,42,28.1,False,False,151336,22,0.45,0.10965493352302563,19,0.6
2024-10-19,False,True,5,10,42,27.2,False,False,173759,34,0.36666666666666664,0.10208241978977713,30,0.4285714285714285
2024-10-20,False,True,6,10,42,26.5,False,False,154974,36,0.5666666666666667,0.10134081695160418,32,0.3333333333333333
2024-10-21,False,False,0,10,43,26.4,False,False,158093,25,0.6,0.09197949823454862,22,0.75
2024-10-22,False,False,1,10,43,26.2,False,False,150000,21,0.4166666666666667,0.0912522312325026,19,0.5
2024-10-23,False,False,2,10,43,26.5,False,True,190427,29,0.35,0.07277479122399774,26,-0.25
2024-10-24,False,False,3,10,43,27.1,False,False,150000,23,0.48333333333333334,0.10389816891335305,20,0.25
2024-10-25,False,False,4,10,43,28.4,False,False,165339,27,0.38333333333333336,0.10291938294091446,24,0.3333333333333333
2024-10-26,False,True,5,10,43,28.5,False,False,156168,31,0.45,0.11585812643866052,27,0.0
2024-10-27,False,True,6,10,43,28.1,True,False,176979,41,0.5166666666666667,0.13992479027284632,35,0.5
2024-10-28,False,False,0,10,44,26.9,True,False,152810,36,0.6833333333333333,0.15563720213571527,30,-0.3333333333333333
2024-10-29,False,False,1,10,44,28.0,False,False,150000,33,0.6,0.1207643748615242,29,0.0
2024-10-30,False,False,2,10,44,27.3,False,True,152891,33,0.55,0.05971332119936679,31,-1.0
2024-10-31,False,False,3,10,44,26.4,True,False,150000,37,0.55,0.15169303640964274,31,-0.5
2024-11-01,False,False,4,11,44,25.2,False,False,150000,30,0.6166666666666667,0.10404699319286038,26,-0.2
2024-11-02,False,True,5,11,44,25.3,True,False,161953,46,0.5,0.13453884932789933,39,0.0
2024-11-03,False,True,6,11,44,25.0,False,False,159728,27,0.7666666666666667,0.11149168708917112,23,-0.7142857142857143
2024-11-04,True,False,0,11,45,26.3,False,False,164594,40,0.45,0.06982648292901507,37,0.6666666666666666
2024-11-05,False,False,1,11,45,26.5,False,False,151554,28,0.6666666666666666,0.09780074523105543,25,0.6
2024-11-06,False,False,2,11,45,27.1,False,False,150000,34,0.4666666666666667,0.08725858299730865,31,0.6666666666666666
2024-11-07,False,False,3,11,45,26.3,False,False,157694,26,0.5666666666666667,0.10907351271872713,23,0.25
2024-11-08,False,False,4,11,45,25.1,False,False,166702,27,0.43333333333333335,0.10496276933206679,24,0.5
2024-11-09,False,True,5,11,45,25.4,False,False,163950,29,0.45,0.10335766681108605,26,0.7142857142857143
2024-11-10,False,True,6,11,45,26.4,False,True,202367,45,0.48333333333333334,0.061712731862588216,42,0.0909090909090909
2024-11-11,True,False,0,11,46,25.4,False,False,181293,42,0.75,0.0680720074603725,39,0.0
2024-11-12,False,False,1,11,46,26.3,False,False,161074,30,0.7,0.11499120001198802,26,0.5
2024-11-13,False,False,2,11,46,26.6,False,False,150000,13,0.5,0.0873604802376962,11,-0.6666666666666666
2024-11-14,False,False,3,11,46,26.8,False,False,151796,27,0.21666666666666667,0.12177485133323272,23,0.3333333333333333
2024-11-15,False,False,4,11,46,26.6,False,False,158889,26,0.45,0.0896262727534775,23,0.0
2024-11-16,False,True,5,11,46,26.7,True,False,180724,44,0.43333333333333335,0.1671388624787834,36,0.1111111111111111
2024-11-17,False,True,6,11,46,27.0,False,False,155208,30,0.7333333333333333,0.10436402036281822,26,-0.25
2024-11-18,False,False,0,11,47,26.5,False,False,166158,28,0.5,0.10728794500506471,24,0.5
2024-11-19,False,False,1,11,47,26.7,False,False,150000,33,0.4666666666666667,0.09076590980254672,30,0.3333333333333333
2024-11-20,False,False,2,11,47,26.0,False,False,150000,22,0.55,0.09642500654105082,19,-0.6666666666666666
2024-11-21,False,False,3,11,47,26.0,False,False,159442,29,0.36666666666666664,0.08063403096841594,26,0.3333333333333333
2024-11-22,False,False,4,11,47,26.0,False,False,152127,17,0.48333333333333334,0.10085883706411199,15,0.6666666666666666
2024-11-23,False,True,5,11,47,26.0,False,False,168514,35,0.2833333333333333,0.09901239340092059,31,0.0
2024-11-24,False,True,6,11,47,26.6,False,True,197918,48,0.5833333333333334,0.07924223522842587,44,-0.1111111111111111
2024-11-25,False,False,0,11,48,27.1,True,False,152038,39,0.8,0.15708885727689295,32,0.25
2024-11-26,False,False,1,11,48,26.6,False,False,154162,37,0.65,0.1098706045221015,32,0.5
2024-11-27,False,False,2,11,48,26.1,False,False,150000,31,0.6166666666666667,0.09223730682839053,28,0.1428571428571428
2024-11-28,False,False,3,11,48,26.5,False,False,150000,24,0.5166666666666667,0.09462719788075977,21,0.3333333333333333
2024-11-29,False,False,4,11,48,26.6,True,False,150000,31,0.4,0.1396249497474534,26,0.0
2024-11-30,False,True,5,11,48,27.3,True,False,165021,33,0.5166666666666667,0.14692972128850113,28,0.4
2024-12-01,False,True,6,12,48,28.2,True,False,150000,50,0.55,0.16513148452112678,41,0.2
2024-12-02,False,False,0,12,49,27.4,False,False,150000,52,0.8333333333333334,0.09919615136578828,46,0.4545454545454545
2024-12-03,False,False,1,12,49,27.1,False,False,150000,45,0.8666666666666667,0.11822083427274874,39,0.1111111111111111
2024-12-04,False,False,2,12,49,27.7,False,True,166604,60,0.75,0.07039371750952945,55,-0.1428571428571428
2024-12-05,False,False,3,12,49,27.5,False,False,150000,54,1.0,0.09805568694364238,48,-0.4285714285714285
2024-12-06,False,False,4,12,49,26.8,False,False,150000,43,0.9,0.1093957194312134,38,0.0
2024-12-07,False,True,5,12,49,26.8,True,False,156308,60,0.7166666666666667,0.15086847861104782,50,0.1666666666666666
2024-12-08,True,True,6,12,49,27.3,False,False,203727,51,1.0,0.06478223343043042,47,0.5
2024-12-09,False,False,0,12,50,27.7,False,True,170079,60,0.85,0.08554175582399717,54,0.6666666666666666
2024-12-10,False,False,1,12,50,27.9,False,False,150000,55,1.0,0.08934865084384924,50,0.0
2024-12-11,False,False,2,12,50,28.1,True,False,153766,55,0.9166666666666666,0.15593639999355094,46,0.7142857142857143
2024-12-12,False,False,3,12,50,27.9,False,False,160505,53,0.9166666666666666,0.08311391150852623,48,0.0
2024-12-13,False,False,4,12,50,27.7,False,False,150000,48,0.8833333333333333,0.09866334057611764,43,-0.6666666666666666
2024-12-14,False,True,5,12,50,27.5,False,False,166585,60,0.8,0.10043652410319781,53,-0.3333333333333333
2024-12-15,False,True,6,12,50,27.3,True,False,160785,60,1.0,0.16489230738733418,50,0.2
2024-12-16,False,False,0,12,51,27.4,True,False,150000,54,1.0,0.16862927663392868,44,-0.3333333333333333
2024-12-17,False,False,1,12,51,27.9,False,False,150397,48,0.9,0.1102848551525647,42,-0.4285714285714285
2024-12-18,False,False,2,12,51,28.3,False,False,150000,44,0.8,0.12758410622625363,38,-0.2
2024-12-19,False,False,3,12,51,28.1,False,False,150000,49,0.7333333333333333,0.09974064928008049,44,0.6
2024-12-20,False,False,4,12,51,27.0,False,False,150000,48,0.8166666666666667,0.11125408118256899,42,0.2
2024-12-21,False,True,5,12,51,26.7,False,False,153792,52,0.8,0.11513053316976969,46,-0.1111111111111111
2024-12-22,False,True,6,12,51,26.5,False,False,169574,46,0.8666666666666667,0.1103437133098103,40,0.2
2024-12-23,False,False,0,12,52,26.7,False,False,150000,46,0.7666666666666667,0.11944486263957907,40,0.2
2024-12-24,False,False,1,12,52,26.4,False,False,158032,49,0.7666666666666667,0.11471886525523728,43,-0.2
2024-12-25,True,False,2,12,52,26.8,True,False,182230,49,0.8166666666666667,0.13271554275768452,42,-0.25
2024-12-26,False,False,3,12,52,26.7,False,False,160476,57,0.8166666666666667,0.09003047962176036,51,0.25
2024-12-27,False,False,4,12,52,26.3,False,False,150000,45,0.95,0.10385474468842304,40,0.3333333333333333
2024-12-28,False,True,5,12,52,26.2,True,True,176185,58,0.75,0.1172027021108825,51,0.0
2024-12-29,False,True,6,12,52,26.3,True,False,166190,59,0.9666666666666667,0.1422814707223748,50,0.6666666666666666
2024-12-30,False,False,0,12,1,25.7,False,False,150000,52,0.9833333333333333,0.10426137066368221,46,0.1428571428571428
2024-12-31,False,False,1,12,1,26.5,True,False,151983,41,0.8666666666666667,0.1489656691143364,34,-0.2
2025-01-01,True,False,2,1,1,27.1,False,False,181104,51,0.6833333333333333,0.07645553200514155,47,0.6
2025-01-02,False,False,3,1,1,26.7,False,False,150000,46,0.85,0.10163122702316252,41,-0.6
2025-01-03,False,False,4,1,1,26.5,False,False,153953,45,0.7666666666666667,0.10253397458204118,40,-0.4285714285714285
2025-01-04,False,True,5,1,1,25.2,False,False,160906,42,0.75,0.0963770876438303,37,-0.2
2025-01-05,False,True,6,1,1,25.8,False,False,167944,54,0.7,0.10518953533897718,48,0.5
2025-01-06,True,False,0,1,2,26.6,True,True,206863,60,0.9,0.10673724665318077,53,0.5555555555555556
2025-01-07,False,False,1,1,2,27.5,False,False,150000,50,1.0,0.11725855291307573,44,0.4
2025-01-08,False,False,2,1,2,27.3,False,False,150000,39,0.8333333333333334,0.10558120996848626,34,1.0
2025-01-09,False,False,3,1,2,27.3,False,False,150000,36,0.65,0.10899020042569595,32,-0.6
2025-01-10,False,False,4,1,2,26.8,False,False,150000,42,0.6,0.102914752685729,37,-0.1428571428571428
2025-01-11,False,True,5,1,2,27.3,True,False,181603,56,0.7,0.13977570599406877,48,0.0909090909090909
2025-01-12,False,True,6,1,2,26.9,False,False,181666,48,0.9333333333333333,0.09959227593973022,43,0.4
2025-01-13,False,False,0,1,3,27.0,False,False,150000,43,0.8,0.09775184486603808,38,-0.3333333333333333
2025-01-14,False,False,1,1,3,26.9,False,True,173246,52,0.7166666666666667,0.07167727728983923,48,0.6
2025-01-15,False,False,2,1,3,26.9,False,False,152775,49,0.8666666666666667,0.08735331545569022,44,-0.4285714285714285
2025-01-16,False,False,3,1,3,26.8,False,False,150000,49,0.8166666666666667,0.09177625060310321,44,-0.1111111111111111
2025-01-17,False,False,4,1,3,26.4,False,False,160272,48,0.8166666666666667,0.12001312695015151,42,-0.3333333333333333
2025-01-18,False,True,5,1,3,26.4,False,False,158731,48,0.8,0.1040601969652233,43,-0.25
2025-01-19,False,True,6,1,3,26.8,False,False,169358,45,0.8,0.09010621525105329,40,-0.0769230769230769
2025-01-20,False,False,0,1,4,27.0,False,False,159282,47,0.75,0.10336755349683358,42,-0.2
2025-01-21,False,False,1,1,4,27.2,False,False,175962,52,0.7833333333333333,0.09766621934774583,46,-0.2
2025-01-22,False,False,2,1,4,26.9,False,False,162441,39,0.8666666666666667,0.08884318220316949,35,-0.1666666666666666
2025-01-23,False,False,3,1,4,27.5,False,False,150000,49,0.65,0.10049750586944509,44,-0.2
2025-01-24,False,False,4,1,4,27.5,False,False,150000,39,0.8166666666666667,0.10405788991898647,34,-0.4285714285714285
2025-01-25,False,True,5,1,4,27.8,True,False,165323,53,0.65,0.15205626308251743,44,1.0
2025-01-26,False,True,6,1,4,27.7,False,False,167145,46,0.8833333333333333,0.08726241380561231,41,0.7142857142857143
2025-01-27,False,False,0,1,5,27.4,False,False,150000,41,0.7666666666666667,0.09369090876769015,37,-0.3333333333333333
2025-01-28,False,False,1,1,5,27.6,False,False,162060,52,0.6833333333333333,0.08868565912861179,47,0.3333333333333333
2025-01-29,False,False,2,1,5,27.7,False,False,150000,52,0.8666666666666667,0.10811482832605344,46,0.4
2025-01-30,False,False,3,1,5,28.7,False,False,152860,53,0.8666666666666667,0.0963162865388757,47,0.0
2025-01-31,False,False,4,1,5,28.9,False,False,153438,40,0.8833333333333333,0.09919912442849112,36,-0.6666666666666666
2025-02-01,False,True,5,2,5,28.1,False,False,150000,44,0.6666666666666666,0.10820084133471439,39,1.0
2025-02-02,False,True,6,2,5,28.0,False,False,174105,42,0.7333333333333333,0.08397532173546973,38,0.0
2025-02-03,False,False,0,2,6,27.5,False,False,150000,41,0.7,0.09957580371554113,36,-0.3333333333333333
2025-02-04,False,False,1,2,6,27.0,False,False,150000,36,0.6833333333333333,0.09563576411569608,32,0.0
2025-02-05,False,False,2,2,6,27.5,False,False,157550,30,0.6,0.10666966316922712,26,0.3333333333333333
2025-02-06,False,False,3,2,6,27.3,False,False,154706,37,0.5,0.09821626400449272,33,0.5
2025-02-07,False,False,4,2,6,27.3,False,False,150000,35,0.6166666666666667,0.10174058342933352,31,0.4285714285714285
2025-02-08,False,True,5,2,6,27.2,True,False,155422,42,0.5833333333333334,0.15770566292614968,35,-0.4285714285714285
2025-02-09,False,True,6,2,6,27.4,True,False,176318,49,0.7,0.1526174691572644,41,0.3333333333333333
2025-02-10,False,False,0,2,7,27.5,False,False,150000,34,0.8166666666666667,0.09084748532245673,30,-1.0
2025-02-11,False,False,1,2,7,27.6,False,False,150000,38,0.5666666666666667,0.09842878685235495,34,0.3333333333333333
2025-02-12,False,False,2,2,7,27.4,False,False,165670,33,0.6333333333333333,0.09199284828224598,29,0.0
2025-02-13,False,False,3,2,7,27.5,False,False,161195,39,0.55,0.09299411779093568,35,0.6666666666666666
2025-02-14,False,False,4,2,7,27.2,False,False,161214,32,0.65,0.09974045206198477,28,0.0
2025-02-15,False,True,5,2,7,26.6,False,False,170750,40,0.5333333333333333,0.10502503865104838,35,0.0
2025-02-16,False,True,6,2,7,26.2,False,False,155389,41,0.6666666666666666,0.10661743107280156,36,0.0
2025-02-17,False,False,0,2,8,27.0,False,False,151700,30,0.6833333333333333,0.10786454756778813,26,-0.5
2025-02-18,False,False,1,2,8,26.9,False,False,154945,30,0.5,0.10071887772036671,26,0.6
2025-02-19,False,False,2,2,8,27.3,False,False,151110,31,0.5,0.09238218212601165,28,0.3333333333333333
2025-02-20,False,False,3,2,8,27.9,False,False,161076,38,0.5166666666666667,0.11063835614155483,33,0.0
2025-02-21,False,False,4,2,8,27.8,False,False,150000,32,0.6333333333333333,0.09722156517344717,28,0.75
2025-02-22,False,True,5,2,8,28.3,True,False,150047,47,0.5333333333333333,0.15320071718999453,39,-0.1428571428571428
2025-02-23,False,True,6,2,8,28.0,False,False,163861,41,0.7833333333333333,0.08330811765535252,37,0.25
2025-02-24,False,False,0,2,9,27.1,False,False,156605,34,0.6833333333333333,0.10864663151806717,30,0.0909090909090909
2025-02-25,False,False,1,2,9,27.4,False,False,150000,30,0.5666666666666667,0.10118631141935687,26,0.1111111111111111
2025-02-26,False,False,2,2,9,27.6,False,False,153511,27,0.5,0.10366433462817223,24,-0.0909090909090909
2025-02-27,False,False,3,2,9,28.1,False,False,150000,29,0.45,0.09502677347282193,26,0.3333333333333333
2025-02-28,False,False,4,2,9,28.0,False,False,168330,35,0.48333333333333334,0.08947143735477563,31,-0.5
2025-03-01,False,True,5,3,9,28.1,True,False,182761,40,0.5833333333333334,0.15235957173296458,33,0.3333333333333333
2025-03-02,False,True,6,3,9,27.9,False,False,150000,35,0.6666666666666666,0.09173632674552815,31,0.0
2025-03-03,False,False,0,3,10,28.0,True,False,150000,32,0.5833333333333334,0.14602331241485408,27,0.25
2025-03-04,False,False,1,3,10,28.4,False,True,179043,41,0.5333333333333333,0.07164894125758767,38,0.6
2025-03-05,False,False,2,3,10,28.2,False,False,151670,26,0.6833333333333333,0.10511017916676826,23,0.3333333333333333
2025-03-06,False,False,3,3,10,28.1,False,False,150000,28,0.43333333333333335,0.10000656692069491,25,0.2
2025-03-07,False,False,4,3,10,28.0,False,False,150000,31,0.4666666666666667,0.08258805027440504,28,0.0
2025-03-08,False,True,5,3,10,28.0,False,False,158037,33,0.5166666666666667,0.1142333838097915,29,1.0
2025-03-09,False,True,6,3,10,28.3,True,False,157146,39,0.55,0.14198836842120724,33,0.3333333333333333
2025-03-10,False,False,0,3,11,28.3,False,False,150000,32,0.65,0.08747652026178934,29,0.0909090909090909
2025-03-11,False,False,1,3,11,28.1,True,False,156936,36,0.5333333333333333,0.15835753979510764,30,0.0
2025-03-12,False,False,2,3,11,28.1,False,False,153545,31,0.6,0.09107487399562132,28,0.1666666666666666
2025-03-13,False,False,3,3,11,28.7,False,False,150000,32,0.5166666666666667,0.09317193032010809,29,-0.2
2025-03-14,False,False,4,3,11,28.6,False,False,150000,24,0.5333333333333333,0.1038885877083746,21,0.6
2025-03-15,False,True,5,3,11,28.3,True,False,166730,46,0.4,0.14010019035066584,39,0.0
2025-03-16,False,True,6,3,11,28.8,False,False,168343,39,0.7666666666666667,0.08999119129555022,35,-0.2
2025-03-17,False,False,0,3,12,28.4,False,False,150000,31,0.65,0.10728921530320547,27,0.1111111111111111
2025-03-18,False,False,1,3,12,28.3,False,False,150000,35,0.5166666666666667,0.10392437425911102,31,0.3333333333333333
2025-03-19,False,False,2,3,12,28.2,False,False,150000,28,0.5833333333333334,0.09345800169403021,25,-0.3333333333333333
2025-03-20,False,False,3,3,12,28.7,False,False,158020,29,0.4666666666666667,0.10998820785533045,25,0.6
2025-03-21,False,False,4,3,12,28.7,False,False,150000,30,0.48333333333333334,0.09012836996252088,27,0.3333333333333333
2025-03-22,False,True,5,3,12,29.8,True,False,188658,41,0.5,0.1608933835119827,34,-0.7142857142857143
2025-03-23,False,True,6,3,12,30.3,False,False,169954,37,0.6833333333333333,0.09126765194882083,33,-0.0909090909090909
2025-03-24,True,False,0,3,13,30.0,True,False,177110,42,0.6166666666666667,0.11836098314198076,37,-0.3333333333333333
2025-03-25,False,False,1,3,13,28.8,False,False,161084,22,0.7,0.10490313950450916,19,0.5
2025-03-26,False,False,2,3,13,28.1,False,False,155071,27,0.36666666666666664,0.0998689640931185,24,-0.3846153846153846
2025-03-27,False,False,3,3,13,28.4,False,False,150000,35,0.45,0.0888190953603552,31,0.0
2025-03-28,False,False,4,3,13,28.6,False,False,154551,40,0.5833333333333334,0.09584457424520461,36,0.0
2025-03-29,False,True,5,3,13,28.3,True,False,161470,44,0.6666666666666666,0.16224470300484248,36,0.3333333333333333
2025-03-30,False,True,6,3,13,28.5,False,False,182529,41,0.7333333333333333,0.09529514992090969,37,-0.2
2025-03-31,False,False,0,3,14,28.1,False,False,162273,39,0.6833333333333333,0.09998040056450891,35,0.0
2025-04-01,False,False,1,4,14,28.1,False,False,150000,35,0.65,0.09850204603297603,31,0.0
2025-04-02,False,False,2,4,14,29.1,True,False,161054,40,0.5833333333333334,0.1495051906288245,34,0.3333333333333333
2025-04-03,False,False,3,4,14,29.0,False,False,165833,34,0.6666666666666666,0.09915726675912492,30,0.0909090909090909
2025-04-04,False,False,4,4,14,28.1,False,False,163160,33,0.5666666666666667,0.10481892981522754,29,0.5
2025-04-05,False,True,5,4,14,28.8,False,False,169338,36,0.55,0.1228468267460723,31,0.3333333333333333
2025-04-06,False,True,6,4,14,29.6,False,False,171683,44,0.6,0.1098419759644364,39,0.1428571428571428
2025-04-07,False,False,0,4,15,27.9,False,False,150000,40,0.7333333333333333,0.10069798436668613,35,0.1111111111111111
2025-04-08,False,False,1,4,15,28.5,False,False,150000,32,0.6666666666666666,0.1118591225781046,28,0.2
2025-04-09,False,False,2,4,15,28.7,False,False,156039,40,0.5333333333333333,0.11033705182953783,35,-0.3333333333333333
2025-04-10,False,False,3,4,15,28.3,False,False,150000,26,0.6666666666666666,0.10411159168468462,23,-0.2
2025-04-11,False,False,4,4,15,27.0,False,False,150000,33,0.43333333333333335,0.09678606753053436,29,0.3333333333333333
2025-04-12,False,True,5,4,15,27.4,False,False,168285,40,0.55,0.09492905693487802,36,0.5
2025-04-13,False,True,6,4,15,28.8,False,False,164634,32,0.6666666666666666,0.09672650786020705,28,-0.1666666666666666
2025-04-14,False,False,0,4,16,29.5,False,False,150000,37,0.5333333333333333,0.10707667503370015,33,-0.25
2025-04-15,False,False,1,4,16,29.4,True,False,156009,37,0.6166666666666667,0.16033671482596637,31,1.0
2025-04-16,False,False,2,4,16,29.4,True,False,151715,40,0.6166666666666667,0.15974793738370544,33,0.3333333333333333
2025-04-17,True,False,3,4,16,29.3,True,False,180265,53,0.6666666666666666,0.14291048346512303,45,0.0
2025-04-18,True,False,4,4,16,29.5,False,False,182852,42,0.8833333333333333,0.09048604967864216,38,0.0
2025-04-19,False,True,5,4,16,29.4,False,False,153602,36,0.7,0.10429882048794205,32,0.2
2025-04-20,False,True,6,4,16,28.5,True,False,161437,36,0.6,0.1405595089389566,30,0.0
2025-04-21,False,False,0,4,17,27.7,False,False,157492,44,0.6,0.10402157826225723,39,0.0
2025-04-22,False,False,1,4,17,27.2,False,False,150477,37,0.7333333333333333,0.09840700843679738,33,0.0
2025-04-23,False,False,2,4,17,27.2,True,True,180371,47,0.6166666666666667,0.10823465367268928,41,-0.2
2025-04-24,False,False,3,4,17,27.8,True,False,163853,35,0.7833333333333333,0.1393600582371886,30,0.0
2025-04-25,False,False,4,4,17,28.3,False,True,177152,38,0.5833333333333334,0.05389524498539692,35,0.13935748226429728
2025-04-26,False,True,5,4,17,27.2,True,False,168419,48,0.6333333333333333,0.14967392658268036,40,0.13935748226429728
2025-04-27,False,True,6,4,17,27.1,True,False,178122,38,0.8,0.16059253694602868,31,0.13935748226429728
2025-04-28,False,False,0,4,18,27.7,False,False,150000,42,0.6333333333333333,0.09485558636402686,38,0.13935748226429728
2025-04-29,False,False,1,4,18,27.0,False,False,150000,29,0.7,0.08640854160807798,26,0.13935748226429728
2025-04-30,False,False,2,4,18,27.3,False,False,150000,28,0.48333333333333334,0.09267418871878708,25,0.13935748226429728
2025-05-01,True,False,3,5,18,26.3,False,False,191178,32,0.4666666666666667,0.08126987431912715,29,0.13935748226429728
2025-05-02,False,False,4,5,18,26.8,False,False,150000,28,0.5333333333333333,0.10243210757032932,25,0.13935748226429728
2025-05-03,False,True,5,5,18,26.9,False,False,158390,32,0.4666666666666667,0.0972364960852821,28,0.13935748226429728
2025-05-04,False,True,6,5,18,26.9,False,False,162588,38,0.5333333333333333,0.08741061511018855,34,0.13935748226429728
2025-05-05,False,False,0,5,19,26.4,False,False,150000,24,0.6333333333333333,0.11286176899381169,21,0.13935748226429728
2025-05-06,False,False,1,5,19,26.1,False,False,150997,19,0.4,0.0956880528539098,17,0.13935748226429728
